{"cameraMode":{"drawMode":0,"name":"Shaded","section":"Shading Mode"},"sceneLighting":true,"audioPlay":false,"sceneViewState":{"m_AlwaysRefresh":false,"showFog":true,"showSkybox":true,"showFlares":true,"showImageEffects":true,"showParticleSystems":true,"showVisualEffectGraphs":true,"m_FxEnabled":true},"in2DMode":false,"pivot":{"x":27.527935028076173,"y":-12.712200164794922,"z":-29.59844207763672},"rotation":{"x":-0.05896236002445221,"y":-0.9194926619529724,"z":0.1515113115310669,"w":-0.35766974091529848},"size":25.309589385986329,"orthographic":false}